from_id,to_id,distance,base_travel_time,blocked
COR_1,COR_2,100.0,71.43,False
COR_2,COR_3,100.0,71.43,False
COR_3,COR_4,100.0,71.43,False
COR_4,COR_5,100.0,71.43,False
COR_5,COR_6,100.0,71.43,False
COR_6,COR_7,100.0,71.43,False
COR_7,COR_8,100.0,71.43,False
COR_8,COR_9,100.0,71.43,False
COR_9,COR_10,100.0,71.43,False
COR_2,COR_6,400.0,285.71,False
COR_4,COR_8,400.0,285.71,False
COR_2,CP_1,60.0,42.86,False
CP_1,TERM_1,80.0,57.14,False
COR_5,CP_2,60.0,42.86,False
CP_2,TERM_2,80.0,57.14,False
COR_8,CP_3,60.0,42.86,False
CP_3,TERM_3,80.0,57.14,False
TERM_1,G1_1,106.3,75.93,False
TERM_1,G1_2,87.32,62.37,False
TERM_1,G1_3,80.0,57.14,False
TERM_1,G1_4,87.32,62.37,False
TERM_1,G1_5,106.3,75.93,False
TERM_2,G2_1,106.3,75.93,False
TERM_2,G2_2,87.32,62.37,False
TERM_2,G2_3,80.0,57.14,False
TERM_2,G2_4,87.32,62.37,False
TERM_2,G2_5,106.3,75.93,False
TERM_3,G3_1,106.3,75.93,False
TERM_3,G3_2,87.32,62.37,False
TERM_3,G3_3,80.0,57.14,False
TERM_3,G3_4,87.32,62.37,False
TERM_3,G3_5,106.3,75.93,False
COR_3,EMS_1,60.0,42.86,False
COR_7,EMS_2,60.0,42.86,False
TERM_2,RESTRICTED_1,60.0,42.86,False
TERM_2,STAFF_1,60.0,42.86,False
TERM_3,RESTRICTED_2,60.0,42.86,False
COR_9,STAFF_2,20.0,14.29,False
COR_1,EXIT_1,140.0,100.0,False
COR_5,EXIT_2,140.0,100.0,False
COR_10,EXIT_3,172.05,122.89,False
