node_id,type,x,y,capacity,zone_restricted
COR_1,corridor,100,0,200,False
COR_2,corridor,200,0,200,False
COR_3,corridor,300,0,200,False
COR_4,corridor,400,0,200,False
COR_5,corridor,500,0,200,False
COR_6,corridor,600,0,200,False
COR_7,corridor,700,0,200,False
COR_8,corridor,800,0,200,False
COR_9,corridor,900,0,200,False
COR_10,corridor,1000,0,200,False
CP_1,checkpoint,200,60,100,False
CP_2,checkpoint,500,60,100,False
CP_3,checkpoint,800,60,100,False
TERM_1,terminal,200,140,500,False
TERM_2,terminal,500,140,500,False
TERM_3,terminal,800,140,500,False
G1_1,gate,130,220,150,False
G1_2,gate,165,220,150,False
G1_3,gate,200,220,150,False
G1_4,gate,235,220,150,False
G1_5,gate,270,220,150,False
G2_1,gate,430,220,150,False
G2_2,gate,465,220,150,False
G2_3,gate,500,220,150,False
G2_4,gate,535,220,150,False
G2_5,gate,570,220,150,False
G3_1,gate,730,220,150,False
G3_2,gate,765,220,150,False
G3_3,gate,800,220,150,False
G3_4,gate,835,220,150,False
G3_5,gate,870,220,150,False
EMS_1,emergency_station,300,-60,20,False
EMS_2,emergency_station,700,-60,20,False
RESTRICTED_1,restricted,560,140,30,True
STAFF_1,staff_area,440,140,50,True
RESTRICTED_2,restricted,860,140,30,True
STAFF_2,staff_area,920,0,50,True
EXIT_1,exit,100,-140,999,False
EXIT_2,exit,500,-140,999,False
EXIT_3,exit,900,-140,999,False
